이용자유형,정류장,count
경로,주안역환승정류장,597
경로,동인천,202
경로,신기.남부종합시장(진흥사거리),194
경로,인하대역(7번출구),194
경로,송내역남부,173
경로,롯데백화점(인천터미널),161
경로,토지금고시장,133
경로,주안역,114
경로,인하대역(1번출구),107
경로,(구)시민회관사거리,105
경로,남중학교,105
경로,주안7동행정복지센터,91
경로,송도유원지(도로교통공단),86
경로,용현시장,83
경로,대동아파트,76
경로,원흥아파트,65
경로,수봉마을쉼터,54
경로,강남역서초현대타워앞,50
경로,용일사거리,37
경로,문학초등학교,35
경로,신포시장,33
경로,동인천역,31
경로,인천기계공고,30
경로,제물포역,27
경로,남동구청,20
경로,인하대후문,20
경로,미송초등학교,19
경로,학산소극장,18
경로,삼미시장,17
경로,용현초등학교입구,17
경로,인하대병원,17
경로,계룡리슈빌,16
경로,길병원,16
경로,부천시청역3번출구.경기예고.현대백화점,16
경로,아주아파트.미추홀학교,15
경로,유원아파트,15
경로,로얄아파트,14
경로,신촌오거리.현대백화점,14
경로,진흥아파트,14
경로,학익사거리(동아풍림아파트),14
경로,현대시장,14
경로,홍대입구역,14
경로,석바위,13
경로,선유고등학교,13
경로,신동아아파트(B),13
경로,약대사거리,13
경로,인명여자고등학교,13
경로,백산아파트,12
경로,부원중학교,12
경로,신천동,12
경로,합정역,12
경로,동아풍림아파트,11
경로,벽산이삭아파트,11
경로,상동역1번출구.부천터미널소풍.홈플러스,11
경로,신중동역6번출구.중흥중학교,11
경로,백운역,10
경로,신동아3차아파트,10
경로,신선초등학교,10
경로,장미아파트,10
경로,충정로역2호선,10
경로,태화.두진아파트,10
경로,호반써밋송도,10
경로,간석오거리(인천웨딩홀),9
경로,남촌풍림2차아파트,9
경로,동춘2동행정복지센터,9
경로,미추홀구청입구,9
경로,서창센트럴푸르지오,9
경로,성문아파트(문화연립),9
경로,주안3동행정복지센터,9
경로,태화두진아파트,9
경로,풍림아파트,9
경로,학익시장(법원검찰청),9
경로,e편한세상정문,8
경로,금호2차아파트,8
경로,두산위브아파트,8
경로,부천시청역1번출구,8
경로,서울역,8
경로,신동아아파트3차,8
경로,신비마을아파트,8
경로,교보생명,7
경로,남동중학교,7
경로,대림아파트,7
경로,독정이고개,7
경로,송림오거리,7
경로,인천미래생활고등학교,7
경로,인천소방본부,7
경로,인천향교.인천도호부청사,7
경로,인천향교유림회관,7
경로,현대아파트,7
경로,힘찬병원,7
경로,교대역,6
경로,도림주공1단지,6
경로,도화오거리,6
경로,선바위역,6
경로,송도파크자이,6
경로,주안사거리,6
경로,주안파크자이더플래티넘아파트,6
경로,청능로사거리,6
경로,풍림1차아파트,6
경로,학익동성당앞,6
경로,한라아파트,6
경로,현광아파트(호산부인과),6
경로,논현사거리,5
경로,문학경로당,5
경로,벽산.이삭아파트,5
경로,용현3동행정복지센터.보훈병원,5
경로,토지금고시장앞,5
경로,풍림아이원아파트,5
경로,학익고등학교,5
경로,구월아시아드8단지,4
경로,남동구청후문(남동등기소),4
경로,동막역(3번출구),4
경로,동원아파트,4
경로,부평역,4
경로,서교동,4
경로,송도파크레인동일하이빌,4
경로,시민의숲.양재꽃시장,4
경로,신성성결교회(올림피아병원),4
경로,연안아파트,4
경로,연흥아파트,4
경로,한국아파트,4
경로,가좌농협,3
경로,구월2동행정복지센터,3
경로,굴다리오거리,3
경로,남동초등학교,3
경로,논현14단지등대마을휴먼시아아파트,3
경로,라이프아파트,3
경로,부평시장,3
경로,삼영아파트,3
경로,수봉공원,3
경로,숭의교회,3
경로,신동아1.2차아파트,3
경로,신동아아파트5차,3
경로,심곡극동아파트,3
경로,아현역,3
경로,양재역,3
경로,용정초등학교,3
경로,운연동,3
경로,운연역,3
경로,은지초등학교사거리,3
경로,인수초등학교,3
경로,정석항공과학고,3
경로,중구문화회관,3
경로,항운아파트,3
경로,금호아파트,2
경로,금호타운,2
경로,기점(미정차),2
경로,남동경찰서.남촌농산물도매시장,2
경로,논현12단지산뒤마을,2
경로,논현14단지등대마을,2
경로,도림아이파크아파트,2
경로,두산아파트,2
경로,롯데슈퍼,2
경로,만수주공4단지,2
경로,미추홀구청,2
경로,법원.검찰청,2
경로,새안의원,2
경로,순복음교회,2
경로,숭의역(2번출구),2
경로,십정2동행정복지센터,2
경로,쌍용아파트,2
경로,연학초등학교,2
경로,올리브백화점,2
경로,월드메르디앙아파트,2
경로,인천가정법원.인천지방법원등기국,2
경로,인천시청후문,2
경로,인하대역4번출구,2
경로,장천사거리,2
경로,정병원,2
경로,현대3차아파트,2
경로,2001아울렛,1
경로,CJ인천2공장,1
경로,가정(루원시티)역,1
경로,검암사거리,1
경로,극동.금호아파트,1
경로,금호어울림아파트,1
경로,남광로얄아파트,1
경로,남구평생학습센터,1
경로,남동세무서,1
경로,논현11단지단풍마을A정문,1
경로,도림주공208동,1
경로,도림주공2단지,1
경로,동춘동종점,1
경로,루원시티사거리,1
경로,모래내시장역(2번출구),1
경로,모래내시장역(3번출구),1
경로,문학정보고입구,1
경로,배다리,1
경로,삼성빌라(종점),1
경로,서창퍼스트뷰후문,1
경로,서초힐스아파트,1
경로,소래풍림아파트,1
경로,송도재래시장,1
경로,숭의로터리,1
경로,신동아아파트,1
경로,신천역.문화의거리,1
경로,연안부두어시장,1
경로,옹진군청,1
경로,용남파출소,1
경로,인천대입구역,1
경로,인하대정문,1
경로,작은구월사거리,1
경로,재흥시장,1
경로,정다운그린빌,1
경로,청운대삼거리(하늘꿈교회),1
경로,태평아파트.주안한신휴플러스아파트,1
경로,하나아파트,1
경로,하늘휴게소,1
경로,학익2동행정복지센터,1
경로,효성상아아파트,1
경로,힐스테이트학익104동앞,1
국가유공자,주안역환승정류장,290
국가유공자,신기.남부종합시장(진흥사거리),123
국가유공자,인하대역(1번출구),112
국가유공자,남중학교,108
국가유공자,주안역,106
국가유공자,동인천,99
국가유공자,인하대역(7번출구),99
국가유공자,용현시장,89
국가유공자,동막역(1번출구),85
국가유공자,(구)시민회관사거리,61
국가유공자,원흥아파트,59
국가유공자,용일사거리,52
국가유공자,쌍용아파트,45
국가유공자,복지회관,44
국가유공자,풍림아이원아파트,43
국가유공자,금호2차아파트,42
국가유공자,용현고개,42
국가유공자,신중동역6번출구.중흥중학교,40
국가유공자,신창아파트,39
국가유공자,기점(미정차),37
국가유공자,대동아파트,37
국가유공자,동인천역,37
국가유공자,롯데백화점(인천터미널),37
국가유공자,석바위,37
국가유공자,송도유원지(도로교통공단),36
국가유공자,용현3동행정복지센터.보훈병원,36
국가유공자,제물포역,36
국가유공자,송도파크레인동일하이빌,35
국가유공자,법원.검찰청,33
국가유공자,인하대역4번출구,32
국가유공자,토지금고시장,32
국가유공자,대림아파트,31
국가유공자,서창퍼스트뷰후문,31
국가유공자,학익시장앞,30
국가유공자,백운역,29
국가유공자,인수초등학교,29
국가유공자,금호타운,28
국가유공자,서창센트럴푸르지오,28
국가유공자,숭의로터리,27
국가유공자,용정초등학교,27
국가유공자,벽산아파트(미추홀도서관),26
국가유공자,송내역남부,26
국가유공자,남동구청후문(남동등기소),25
국가유공자,장미아파트,25
국가유공자,청능로사거리,25
국가유공자,도화오거리,23
국가유공자,서울역,23
국가유공자,인천시청후문,23
국가유공자,두산위브아파트,22
국가유공자,신동아아파트8차,22
국가유공자,학익고등학교,22
국가유공자,남동구청,21
국가유공자,부천시청역3번출구.경기예고.현대백화점,21
국가유공자,용현초등학교입구,21
국가유공자,윤성아파트(인항고교),21
국가유공자,호반써밋송도,21
국가유공자,구월2동행정복지센터,20
국가유공자,남동경찰서.남촌농산물도매시장,19
국가유공자,약대사거리,19
국가유공자,양재역,19
국가유공자,인명여자고등학교,19
국가유공자,인천소방본부,19
국가유공자,인하대후문,19
국가유공자,중구문화회관,19
국가유공자,교대역,18
국가유공자,길병원사거리,18
국가유공자,신동아아파트(B),18
국가유공자,은봉초등학교,18
국가유공자,인천향교유림회관,18
국가유공자,정병원,18
국가유공자,효성상아아파트,18
국가유공자,태화두진아파트,17
국가유공자,연학초등학교,16
국가유공자,SK스카이뷰104동,15
국가유공자,주안7동행정복지센터,15
국가유공자,토지금고시장앞,15
국가유공자,남광로얄아파트,14
국가유공자,신동아아파트,14
국가유공자,신동아아파트3차,14
국가유공자,관교중학교(약수터),13
국가유공자,인하대병원,13
국가유공자,학산사거리,13
국가유공자,남동초등학교,12
국가유공자,백산아파트,12
국가유공자,서화초등학교(도화e편한세상),12
국가유공자,학익시장(법원검찰청),12
국가유공자,강남역서초현대타워앞,11
국가유공자,라이프아파트,11
국가유공자,한국아파트,11
국가유공자,문학초등학교,10
국가유공자,삼익.광명아파트,10
국가유공자,수봉공원,10
국가유공자,인천정보과학고등학교,10
국가유공자,금호아파트,9
국가유공자,무지개아파트(동남아파트),9
국가유공자,문학고개,9
국가유공자,신포시장,9
국가유공자,유원아파트,9
국가유공자,학익2동행정복지센터,9
국가유공자,학익사거리(동아풍림아파트),9
국가유공자,현대3차아파트,9
국가유공자,교보생명,8
국가유공자,굴다리오거리,8
국가유공자,루원이편한세상하늘채(125동),8
국가유공자,모래내시장역(3번출구),8
국가유공자,백운프라자,8
국가유공자,신동아아파트5차,8
국가유공자,아시아드경기장(공촌사거리)역,8
국가유공자,용현고가교,8
국가유공자,작은구월사거리,8
국가유공자,항운아파트,8
국가유공자,길병원,7
국가유공자,로얄아파트,7
국가유공자,송도파크자이,7
국가유공자,영남아파트,7
국가유공자,인하대정문,7
국가유공자,문학경기장(야구장),6
국가유공자,미송초등학교,6
국가유공자,법원검찰청입구,6
국가유공자,삼영아파트,6
국가유공자,옹진군청,6
국가유공자,정석항공과학고,6
국가유공자,현광아파트,6
국가유공자,구월아시아드은빛호수공원,5
국가유공자,남구평생학습센터,5
국가유공자,동아풍림아파트,5
국가유공자,미추홀구청,5
국가유공자,미추홀구청입구,5
국가유공자,보건환경연구원,5
국가유공자,숭의역(2번출구),5
국가유공자,숭의초등학교,5
국가유공자,신동아3차아파트,5
국가유공자,신비마을아파트(112동),5
국가유공자,신천동,5
국가유공자,은행초등학교,5
국가유공자,인천대공원,5
국가유공자,정광아파트(병무청),5
국가유공자,학익사거리,5
국가유공자,학익시장,5
국가유공자,한양아파트,5
국가유공자,검암역(시내방면),4
국가유공자,독정이고개,4
국가유공자,배다리,4
국가유공자,부평구청,4
국가유공자,서초역,4
국가유공자,성원아파트,4
국가유공자,송도재래시장,4
국가유공자,송도풍림아이원2단지,4
국가유공자,숭의역(1번출구),4
국가유공자,아주아파트.미추홀학교,4
국가유공자,인천항신국제여객터미널,4
국가유공자,주안3동행정복지센터,4
국가유공자,중구노인복지회관,4
국가유공자,풍림1차아파트,4
국가유공자,풍림3차아파트,4
국가유공자,풍림아파트,4
국가유공자,하늘휴게소,4
국가유공자,현대아파트,4
국가유공자,힐스테이트푸르지오주안,4
국가유공자,가좌농협,3
국가유공자,구월도매시장,3
국가유공자,굴다리,3
국가유공자,굴다리입구,3
국가유공자,굴포천역(부평농협),3
국가유공자,금호어울림아파트,3
국가유공자,도림주공1단지,3
국가유공자,독배로317번길(삼거리),3
국가유공자,만수주공4단지,3
국가유공자,벽산이삭아파트,3
국가유공자,부평구청·부평세무서,3
국가유공자,삼환아파트,3
국가유공자,서창119안전센터,3
국가유공자,서해그랑블아파트후문,3
국가유공자,석천사거리역,3
국가유공자,송도라마다호텔앞,3
국가유공자,송도중학교,3
국가유공자,송림고개(도화신동아아파트),3
국가유공자,신선초등학교앞,3
국가유공자,양곡도매시장,3
국가유공자,용현중학교,3
국가유공자,인천기계공고,3
국가유공자,인천의료원,3
국가유공자,인천향교.인천도호부청사,3
국가유공자,주안파크자이더플래티넘아파트,3
국가유공자,학익동성당앞,3
국가유공자,현대4차아파트,3
국가유공자,2001아울렛,2
국가유공자,e편한세상정문,2
국가유공자,간석오거리,2
국가유공자,경남아너스빌,2
국가유공자,구월도매전통시장,2
국가유공자,나사렛국제병원앞,2
국가유공자,남동중학교,2
국가유공자,남인천여자중학교,2
국가유공자,논현11단지단풍마을A정문,2
국가유공자,논현초등학교,2
국가유공자,도림주공2단지,2
국가유공자,동막역(3번출구),2
국가유공자,미추홀도서관.인천신월초등학교,2
국가유공자,서교동,2
국가유공자,석락아파트,2
국가유공자,성문아파트(문화연립),2
국가유공자,송도풍림아이원4단지,2
국가유공자,숭의교회,2
국가유공자,숭의초등학교입구,2
국가유공자,시민공원,2
국가유공자,시민의숲.양재꽃시장,2
국가유공자,신라아파트,2
국가유공자,신명아파트.대우3차아파트,2
국가유공자,신비마을아파트,2
국가유공자,신천연합병원,2
국가유공자,신촌오거리.현대백화점,2
국가유공자,엑슬루타워,2
국가유공자,올리브백화점,2
국가유공자,옹진농협,2
국가유공자,정부인천지방합동청사,2
국가유공자,제운사거리(청년창업특화거리),2
국가유공자,주안2동치안센터,2
국가유공자,태평아파트.주안한신휴플러스아파트,2
국가유공자,하나로쇼핑,2
국가유공자,현광아파트후문,2
국가유공자,현대5차아파트,2
국가유공자,CJ인천2공장,1
국가유공자,가정(루원시티)역,1
국가유공자,간석사거리,1
국가유공자,간석오거리(인천웨딩홀),1
국가유공자,구월아시아드6단지,1
국가유공자,구월중학교,1
국가유공자,국민건강보험남부지사,1
국가유공자,굴포천역(롯데마트),1
국가유공자,남동세무서,1
국가유공자,남촌풍림3차아파트,1
국가유공자,남촌풍림아파트,1
국가유공자,노인복지회관,1
국가유공자,논현10단지별빛마을웰카운티A정문,1
국가유공자,논현14단지등대마을휴먼시아아파트,1
국가유공자,도림아이파크아파트,1
국가유공자,도림주공208동,1
국가유공자,도화IC,1
국가유공자,동양화학,1
국가유공자,동춘동차고지,1
국가유공자,동춘마을아파트,1
국가유공자,래미안아파트파이낸셜뉴스,1
국가유공자,랜드마크시티센트럴더샵(106동),1
국가유공자,롯데슈퍼,1
국가유공자,만수4동주민센터,1
국가유공자,모래내시장역(2번출구),1
국가유공자,문학우체국,1
국가유공자,미추홀서사거리,1
국가유공자,법원,1
국가유공자,벽산.이삭아파트,1
국가유공자,부평시장역,1
국가유공자,부평역(북인천우체국),1
국가유공자,삼미시장,1
국가유공자,상동역1번출구.부천터미널소풍.홈플러스,1
국가유공자,서초힐스아파트,1
국가유공자,석남신사거리,1
국가유공자,석바위시장역,1
국가유공자,송도파크자이아파트,1
국가유공자,신동아1.2차아파트,1
국가유공자,신동아아파트4차,1
국가유공자,신선초등학교,1
국가유공자,신천역.문화의거리,1
국가유공자,신촌오거리.2호선신촌역,1
국가유공자,신흥시장,1
국가유공자,우진아파트,1
국가유공자,운연역,1
국가유공자,이대역,1
국가유공자,인천가정법원.인천지방법원등기국,1
국가유공자,인천가톨릭대,1
국가유공자,인천교회,1
국가유공자,인천대입구역,1
국가유공자,인천예림학교(인천성모병원),1
국가유공자,인천준법지원센터.미추홀트루엘파크,1
국가유공자,인천지방법원,1
국가유공자,장미아파트(19동)앞,1
국가유공자,재흥시장,1
국가유공자,제물포시장,1
국가유공자,제물포역(동양빌딩),1
국가유공자,종점(병무청),1
국가유공자,주안1동행정복지센터,1
국가유공자,주안현대아파트,1
국가유공자,진흥아파트,1
국가유공자,한국국토정보공사인천북부지사,1
국가유공자,한라아파트,1
국가유공자,한진아파트,1
국가유공자,합정역,1
국가유공자,현광아파트(호산부인과),1
국가유공자,홍대입구역,1
국가유공자,힐캐슬프라자,1
어린이,인하대역(7번출구),265
어린이,주안역환승정류장,195
어린이,풍림아이원아파트,164
어린이,롯데백화점(인천터미널),141
어린이,문학초등학교,129
어린이,남중학교,107
어린이,인하대역(1번출구),83
어린이,동아풍림아파트,76
어린이,신동아아파트3차,71
어린이,인하대후문,60
어린이,용현시장,59
어린이,현대3차아파트,58
어린이,수봉마을쉼터,57
어린이,장미아파트,56
어린이,인천향교유림회관,54
어린이,기점(미정차),53
어린이,원흥아파트,50
어린이,동인천역,42
어린이,주안역,39
어린이,숭의초등학교,38
어린이,제물포역,38
어린이,인하대역4번출구,36
어린이,송도파크레인동일하이빌,35
어린이,송내역남부,34
어린이,홍대입구역,33
어린이,토지금고시장,32
어린이,강남역서초현대타워앞,30
어린이,(구)시민회관사거리,27
어린이,미송초등학교,27
어린이,나사렛국제병원앞,26
어린이,구월아시아드6단지,25
어린이,숭의2동행정복지센터,25
어린이,CJ인천2공장,24
어린이,관교여자중학교,24
어린이,대림아파트,24
어린이,연학초등학교,24
어린이,용현초등학교입구,24
어린이,청능로사거리,24
어린이,인천향교.인천도호부청사,23
어린이,신동아아파트,22
어린이,중구문화회관,22
어린이,학산사거리,21
어린이,학익사거리(동아풍림아파트),21
어린이,두산위브아파트,19
어린이,문학경기장(야구장),19
어린이,학산소극장,19
어린이,현광아파트후문,19
어린이,호반써밋송도,19
어린이,남광로얄아파트,18
어린이,월드메르디앙아파트,18
어린이,인천미래생활고등학교,18
어린이,옹진군청,17
어린이,인명여자고등학교,17
어린이,주안7동행정복지센터,17
어린이,도림주공1단지,16
어린이,인천논현중학교,16
어린이,인천소방본부,16
어린이,정석항공과학고,16
어린이,주안3동행정복지센터,16
어린이,주안파크자이더플래티넘아파트,16
어린이,도화IC,15
어린이,미추홀구청입구,14
어린이,신동아3차아파트,14
어린이,신명아파트.대우3차아파트,14
어린이,신포시장,14
어린이,계룡리슈빌,13
어린이,금호2차아파트,13
어린이,선바위역,13
어린이,용일사거리,13
어린이,용현고가교,13
어린이,교대역,12
어린이,송도중학교,12
어린이,힘찬병원,12
어린이,대우푸르지오복합상가,11
어린이,삼영아파트,11
어린이,송도재래시장,11
어린이,송도풍림아이원2단지,11
어린이,신동아아파트5차,11
어린이,인하대병원,11
어린이,관교중학교(약수터),10
어린이,구월2동행정복지센터,10
어린이,금호아파트,10
어린이,라이프아파트,10
어린이,백운프라자,10
어린이,신기.남부종합시장(진흥사거리),10
어린이,제물포시장,10
어린이,학익2동행정복지센터,10
어린이,합정역,10
어린이,힐캐슬프라자,10
어린이,극동.금호아파트,9
어린이,동춘동종점,9
어린이,무지개아파트(동남아파트),9
어린이,벽산이삭아파트,9
어린이,서초역,9
어린이,석암초등학교앞,9
어린이,용일초등학교,9
어린이,용현고개,9
어린이,인천뷰티예술고등학교,9
어린이,태화두진아파트,9
어린이,하나아파트,9
어린이,구월아시아드은빛호수공원,8
어린이,독배로317번길(삼거리),8
어린이,동인천,8
어린이,삼환아파트,8
어린이,신성성결교회(올림피아병원),8
어린이,영남아파트,8
어린이,정광아파트(병무청),8
어린이,학익시장앞,8
어린이,힐스테이트학익104동앞,8
어린이,SK스카이뷰104동,7
어린이,남인천여자중학교,7
어린이,동막역(3번출구),7
어린이,상동역1번출구.부천터미널소풍.홈플러스,7
어린이,새안의원,7
어린이,석바위,7
어린이,수봉공원,7
어린이,인천기계공고,7
어린이,제운사거리(청년창업특화거리),7
어린이,논현14단지등대마을,6
어린이,동산고,6
어린이,만수4동주민센터,6
어린이,만수주공4단지,6
어린이,부천시청역3번출구.경기예고.현대백화점,6
어린이,서교동,6
어린이,서울역,6
어린이,서창이편한세상1002동,6
어린이,서초아트자이아파트,6
어린이,송도유원지(도로교통공단),6
어린이,숭의교회,6
어린이,신중동역6번출구.중흥중학교,6
어린이,용현동농협,6
어린이,윤성아파트(인항고교),6
어린이,인천가정법원.인천지방법원등기국,6
어린이,주안2동치안센터,6
어린이,학익시장(법원검찰청),6
어린이,검암역(시내방면),5
어린이,검암중학교,5
어린이,교보생명,5
어린이,금호타운,5
어린이,남동구청,5
어린이,남동초등학교,5
어린이,로얄아파트,5
어린이,루에블리아파트,5
어린이,문학경로당,5
어린이,미추홀구청,5
어린이,벽산.이삭아파트,5
어린이,부평역,5
어린이,센타빌딩,5
어린이,숭의로터리,5
어린이,신비마을아파트,5
어린이,신흥시장,5
어린이,쌍용아파트,5
어린이,약대사거리,5
어린이,용현중학교,5
어린이,인천대입구역,5
어린이,진흥아파트,5
어린이,토지금고시장앞,5
어린이,학익시장,5
어린이,한국아파트,5
어린이,가현중학교,4
어린이,남동구청후문(남동등기소),4
어린이,도화동신협(구박문여고),4
어린이,문학경기장(월드컵경기장),4
어린이,백산아파트,4
어린이,백운역,4
어린이,서창119안전센터,4
어린이,송도파크자이,4
어린이,숭덕여중고입구,4
어린이,숭의역(1번출구),4
어린이,신동아아파트4차,4
어린이,신촌오거리.현대백화점,4
어린이,양재역,4
어린이,연합의원,4
어린이,유원아파트,4
어린이,인천대학교공과대학,4
어린이,인천용학초등학교,4
어린이,장미아파트(19동)앞,4
어린이,한양아파트,4
어린이,항동7가버스차고지,4
어린이,남인천농협백운지점,3
어린이,노인복지회관,3
어린이,도림아이파크아파트,3
어린이,도림주공208동,3
어린이,독정이고개,3
어린이,래미안아파트파이낸셜뉴스,3
어린이,루원시티사거리,3
어린이,문학우체국,3
어린이,문학정보고입구,3
어린이,삼성빌라(종점),3
어린이,상동역8번출구세이브존,3
어린이,서창센트럴푸르지오,3
어린이,숭의초등학교입구,3
어린이,시민의숲.양재꽃시장,3
어린이,신동아아파트8차,3
어린이,신선초등학교앞,3
어린이,아주아파트.미추홀학교,3
어린이,용남시장,3
어린이,운연역,3
어린이,은영아파트,3
어린이,재흥시장,3
어린이,풍림3차아파트,3
어린이,풍림아파트,3
어린이,학익사거리,3
어린이,현광아파트,3
어린이,SKLPG충전사업소,2
어린이,가정(루원시티)역,2
어린이,구월아시아드8단지,2
어린이,국민건강보험남부지사,2
어린이,길병원,2
어린이,길병원사거리,2
어린이,논현14단지등대마을휴먼시아아파트,2
어린이,대동아파트,2
어린이,대인고등학교,2
어린이,도화오거리,2
어린이,랜드마크시티센트럴더샵(106동),2
어린이,롯데슈퍼,2
어린이,루원이편한세상하늘채(112동),2
어린이,루원이편한세상하늘채(125동),2
어린이,미추홀공원,2
어린이,방촌공원,2
어린이,배다리,2
어린이,백마장입구,2
어린이,벽산아파트(미추홀도서관),2
어린이,부천시청역1번출구,2
어린이,삼미시장,2
어린이,삼익.광명아파트,2
어린이,서창퍼스트뷰후문,2
어린이,서화초등학교(도화e편한세상),2
어린이,소래포구입구,2
어린이,송도컨벤시아,2
어린이,시민공원,2
어린이,신동아1.2차아파트,2
어린이,신선초등학교,2
어린이,신일교회,2
어린이,신창아파트,2
어린이,십정2동행정복지센터,2
어린이,아암물류단지,2
어린이,용정초등학교,2
어린이,용현3동행정복지센터.보훈병원,2
어린이,은지초등학교사거리,2
어린이,인천대정문,2
어린이,인천시청후문,2
어린이,인천재능대학교서문,2
어린이,인천항신국제여객터미널,2
어린이,정다운그린빌,2
어린이,정병원,2
어린이,정부인천지방합동청사,2
어린이,제물포역(동양빌딩),2
어린이,주안1동행정복지센터,2
어린이,주안사거리,2
어린이,주안현대아파트,2
어린이,태화.두진아파트,2
어린이,풍림1차아파트,2
어린이,하늘휴게소,2
어린이,학익고등학교,2
어린이,한국국토정보공사인천북부지사,2
어린이,한라아파트,2
어린이,힐스테이트푸르지오주안,2
어린이,SK스카이뷰109동,1
어린이,가좌농협,1
어린이,가좌홈플러스(쌍마아파트),1
어린이,건설기술교육원,1
어린이,경남아파트,1
어린이,교통방송사거리,1
어린이,구월도매시장,1
어린이,굴다리,1
어린이,굴다리입구,1
어린이,근로복지공단인천병원,1
어린이,남구평생학습센터,1
어린이,남동세무서,1
어린이,논현9단지냇마을신영지웰A정문,1
어린이,대우일렉트로닉스,1
어린이,도림주공2단지,1
어린이,동교동삼거리,1
어린이,동양화학,1
어린이,두산아파트,1
어린이,랜드마크시티센트럴더샵,1
어린이,롯데월드타워,1
어린이,마린월드,1
어린이,모래내시장역(3번출구),1
어린이,문학고개,1
어린이,법원.검찰청,1
어린이,부원중학교,1
어린이,부평구청역,1
어린이,부평시장,1
어린이,석건연립,1
어린이,석남신사거리,1
어린이,석락아파트,1
어린이,석바위시장역,1
어린이,석천사거리역,1
어린이,성리초등학교,1
어린이,성문아파트(문화연립),1
어린이,성지아파트,1
어린이,송림4동행정복지센터,1
어린이,송림고개(도화신동아아파트),1
어린이,송림오거리,1
어린이,수현마을,1
어린이,숭의역(2번출구),1
어린이,신비마을아파트(112동),1
어린이,신중동역4번출구.롯데백화점,1
어린이,신천역.문화의거리,1
어린이,신한빌딩,1
어린이,신흥교통,1
어린이,엑슬루타워,1
어린이,여성의광장,1
어린이,연안부두(신선초등학교),1
어린이,연희동행정복지센터,1
어린이,용현5동행정복지센터,1
어린이,이대역,1
어린이,인수초등학교,1
어린이,인천교통공사,1
어린이,인천대학교자연과학대학,1
어린이,인천예림학교(인천성모병원),1
어린이,인천의료원,1
어린이,인하대정문,1
어린이,작은구월사거리,1
어린이,장천사거리,1
어린이,제일시장,1
어린이,종점(병무청),1
어린이,청운대삼거리(하늘꿈교회),1
어린이,충정로역2호선,1
어린이,태평아파트.주안한신휴플러스아파트,1
어린이,토지금고,1
어린이,학익동성당앞,1
어린이,한신아파트,1
어린이,현대4차아파트,1
어린이,현대아파트,1
일반인,주안역환승정류장,649
일반인,롯데백화점(인천터미널),606
일반인,주안역,186
일반인,신기.남부종합시장(진흥사거리),165
일반인,동인천,157
일반인,인하대역(7번출구),153
일반인,토지금고시장,140
일반인,송내역남부,130
일반인,남중학교,125
일반인,(구)시민회관사거리,113
일반인,홍대입구역,109
일반인,강남역서초현대타워앞,108
일반인,제물포역,91
일반인,호반써밋송도,78
일반인,인천대입구역,68
일반인,인하대역(1번출구),66
일반인,계룡리슈빌,65
일반인,벽산이삭아파트,55
일반인,정석항공과학고,53
일반인,동인천역,51
일반인,용현시장,48
일반인,신비마을아파트,38
일반인,신포시장,37
일반인,원흥아파트,37
일반인,수봉마을쉼터,35
일반인,신동아아파트3차,34
일반인,인하대후문,30
일반인,문학초등학교,25
일반인,검암역(시내방면),21
일반인,풍림아이원아파트,21
일반인,인명여자고등학교,20
일반인,합정역,20
일반인,신동아아파트5차,16
일반인,아주아파트.미추홀학교,16
일반인,부천시청역3번출구.경기예고.현대백화점,14
일반인,문학경로당,12
일반인,주안7동행정복지센터,12
일반인,문학우체국,11
일반인,인천교통공사,11
일반인,인천대학교공과대학,11
일반인,부평역,10
일반인,인천향교유림회관,10
일반인,인하대정문,10
일반인,정광아파트(병무청),10
일반인,주안파크자이더플래티넘아파트,10
일반인,금호타운,8
일반인,연학초등학교,8
일반인,한양아파트,8
일반인,한국아파트,7
일반인,금호아파트,6
일반인,만수주공4단지,6
일반인,수봉공원,6
일반인,주안3동행정복지센터,6
일반인,SK주유소앞,5
일반인,e편한세상정문,5
일반인,길병원,5
일반인,남동초등학교,5
일반인,부천시청역1번출구,5
일반인,약대사거리,5
일반인,인하대병원,5
일반인,태화두진아파트,5
일반인,현대3차아파트,5
일반인,문학정보고입구,4
일반인,미송초등학교,4
일반인,풍림1차아파트,4
일반인,힐스테이트푸르지오주안,4
일반인,구월아시아드8단지,3
일반인,신중동역6번출구.중흥중학교,3
일반인,현광아파트,3
일반인,대림아파트,2
일반인,서창센트럴푸르지오,2
일반인,숭의역(2번출구),2
일반인,신중동역4번출구.롯데백화점,2
일반인,신천동,2
일반인,영남아파트,2
일반인,장천사거리,2
일반인,힘찬병원,2
일반인,가정(루원시티)역,1
일반인,대동아파트,1
일반인,로얄아파트,1
일반인,백운역,1
일반인,삼익.광명아파트,1
일반인,상동역1번출구.부천터미널소풍.홈플러스,1
일반인,숭의로터리,1
일반인,용정초등학교,1
일반인,유원아파트,1
일반인,인하대역4번출구,1
일반인,충정로역2호선,1
일반인,하늘휴게소,1
장애인,주안역환승정류장,412
장애인,롯데백화점(인천터미널),173
장애인,(구)시민회관사거리,165
장애인,동인천,149
장애인,송내역남부,128
장애인,주안역,124
장애인,인하대역(7번출구),112
장애인,남중학교,100
장애인,동인천역,87
장애인,신기.남부종합시장(진흥사거리),87
장애인,용현시장,71
장애인,인천향교유림회관,68
장애인,주안7동행정복지센터,61
장애인,인명여자고등학교,58
장애인,송도유원지(도로교통공단),49
장애인,토지금고시장,49
장애인,인하대역(1번출구),44
장애인,벽산이삭아파트,41
장애인,부천시청역3번출구.경기예고.현대백화점,41
장애인,정석항공과학고,37
장애인,인하대후문,36
장애인,원흥아파트,35
장애인,인천미래생활고등학교,35
장애인,시민의숲.양재꽃시장,34
장애인,주안사거리,32
장애인,연학초등학교,31
장애인,용현고개,29
장애인,제물포역,29
장애인,신비마을아파트,27
장애인,인하대병원,27
장애인,석암초등학교앞,26
장애인,신포시장,24
장애인,동막역(1번출구),23
장애인,배다리,21
장애인,강남역서초현대타워앞,18
장애인,길병원,18
장애인,석바위,18
장애인,용일사거리,18
장애인,학산소극장,18
장애인,학익고등학교,18
장애인,학익사거리(동아풍림아파트),18
장애인,현대3차아파트,18
장애인,남동세무서,17
장애인,대동아파트,17
장애인,문학초등학교,17
장애인,부평역,17
장애인,인천기계공고,17
장애인,인천의료원,17
장애인,서초역,16
장애인,용정초등학교,16
장애인,CJ인천2공장,15
장애인,도림주공1단지,15
장애인,두산위브아파트,15
장애인,신선초등학교앞,15
장애인,인천예림학교(인천성모병원),15
장애인,문학경로당,14
장애인,백산아파트,14
장애인,용남파출소,14
장애인,용현고가교,13
장애인,주안3동행정복지센터,13
장애인,학익시장(법원검찰청),13
장애인,주안파크자이더플래티넘아파트,12
장애인,굴다리오거리,11
장애인,동아풍림아파트,11
장애인,로얄아파트,11
장애인,부평구청,11
장애인,유원아파트,11
장애인,인천향교.인천도호부청사,11
장애인,금호2차아파트,10
장애인,대림아파트,10
장애인,법원.검찰청,10
장애인,삼영아파트,10
장애인,서초아트자이아파트,10
장애인,수봉마을쉼터,10
장애인,신동아3차아파트,10
장애인,신동아아파트(B),10
장애인,올리브백화점,10
장애인,청능로사거리,10
장애인,합정역,10
장애인,금호타운,9
장애인,무지개아파트(동남아파트),9
장애인,삼미시장,9
장애인,약대사거리,9
장애인,운연역,9
장애인,인천소방본부,9
장애인,장미아파트,9
장애인,주안현대아파트,9
장애인,풍림1차아파트,9
장애인,하나로쇼핑,9
장애인,학익2동행정복지센터,9
장애인,검바위역,8
장애인,교대역,8
장애인,굴다리입구,8
장애인,나사렛국제병원앞,8
장애인,송도파크자이,8
장애인,숭의로터리,8
장애인,용현초등학교입구,8
장애인,인하대정문,8
장애인,풍림아이원아파트,8
장애인,남동구청,7
장애인,벽산아파트(미추홀도서관),7
장애인,송도풍림아이원2단지,7
장애인,용현3동행정복지센터.보훈병원,7
장애인,인천용학초등학교,7
장애인,진흥아파트,7
장애인,학익시장,7
장애인,항운아파트,7
장애인,호반써밋송도,7
장애인,힐스테이트푸르지오주안,7
장애인,SK주유소앞,6
장애인,검암사거리,6
장애인,계룡리슈빌,6
장애인,금호아파트,6
장애인,기점(미정차),6
장애인,남광로얄아파트,6
장애인,남동초등학교,6
장애인,미추홀구청입구,6
장애인,상동역1번출구.부천터미널소풍.홈플러스,6
장애인,선바위역,6
장애인,송도파크레인동일하이빌,6
장애인,시민공원,6
장애인,신동아1.2차아파트,6
장애인,신동아아파트3차,6
장애인,신중동역6번출구.중흥중학교,6
장애인,신창아파트,6
장애인,인천교통공사,6
장애인,홍익자원,6
장애인,가정(루원시티)역,5
장애인,남동체육관(체조경기장),5
장애인,남인천여자중학교,5
장애인,도림아이파크아파트,5
장애인,도화오거리,5
장애인,독정이고개,5
장애인,미송초등학교,5
장애인,백운역,5
장애인,부천시청역1번출구,5
장애인,서울역,5
장애인,석남신사거리,5
장애인,송도라마다호텔앞,5
장애인,수봉공원,5
장애인,숭의2동행정복지센터,5
장애인,숭의교회,5
장애인,인천가정법원.인천지방법원등기국,5
장애인,정광아파트.만수주공11단지,5
장애인,제물포역(동양빌딩),5
장애인,남인천세무서,4
장애인,문학우체국,4
장애인,문학정보고입구,4
장애인,미추홀구청,4
장애인,순복음교회,4
장애인,숭의역(2번출구),4
장애인,신동아아파트4차,4
장애인,신동아아파트5차,4
장애인,신비마을아파트(112동),4
장애인,아주아파트.미추홀학교,4
장애인,용현중학교,4
장애인,이대역,4
장애인,인천교회,4
장애인,인천대입구역,4
장애인,인하대병원입구,4
장애인,인하대역4번출구,4
장애인,장미아파트(19동)앞,4
장애인,재흥시장,4
장애인,중구문화회관,4
장애인,태화두진아파트,4
장애인,풍림아파트,4
장애인,현광아파트후문,4
장애인,e편한세상정문,3
장애인,간석오거리(인천웨딩홀),3
장애인,구월중학교,3
장애인,논현사거리,3
장애인,복지회관,3
장애인,부평시장,3
장애인,서창퍼스트뷰후문,3
장애인,석락아파트,3
장애인,석암초등학교,3
장애인,선유고등학교,3
장애인,송림4동행정복지센터,3
장애인,송림오거리,3
장애인,신천역.문화의거리,3
장애인,신촌오거리.현대백화점,3
장애인,쌍용아파트,3
장애인,아현역,3
장애인,양재역,3
장애인,연희동행정복지센터,3
장애인,월드메르디앙아파트,3
장애인,인천지방법원,3
장애인,장천사거리,3
장애인,정병원,3
장애인,태평아파트,3
장애인,토지금고시장앞,3
장애인,학익사거리,3
장애인,한국아파트,3
장애인,한신아파트,3
장애인,한양아파트,3
장애인,한진아파트,3
장애인,현대시장,3
장애인,홍대입구역,3
장애인,힘찬병원,3
장애인,검암역(시내방면),2
장애인,경남아너스빌아파트,2
장애인,관교중학교(약수터),2
장애인,교통방송사거리,2
장애인,구월도매전통시장,2
장애인,구월아시아드8단지,2
장애인,극동.금호아파트,2
장애인,금호어울림아파트,2
장애인,동교동삼거리,2
장애인,모래내시장역(3번출구),2
장애인,미추홀도서관.인천신월초등학교,2
장애인,방죽삼거리,2
장애인,백마장입구,2
장애인,백운프라자,2
장애인,벽산.이삭아파트,2
장애인,부원중학교,2
장애인,삼성빌라(종점),2
장애인,성원아파트,2
장애인,소래풍림아파트,2
장애인,송도재래시장,2
장애인,송도중학교,2
장애인,연안부두어시장,2
장애인,옹진군청,2
장애인,용남시장,2
장애인,우림필유아파트,2
장애인,월곶동주민센터.월곶포구,2
장애인,윤성아파트(인항고교),2
장애인,인천시청후문,2
장애인,인천정보과학고등학교,2
장애인,인천항신국제여객터미널,2
장애인,임광그대가103동,2
장애인,정광아파트(병무청),2
장애인,충정로역2호선,2
장애인,하나아파트,2
장애인,하늘휴게소,2
장애인,한국국토정보공사인천북부지사,2
장애인,현대5차아파트,2
장애인,현대아파트,2
장애인,힐캐슬프라자,2
장애인,SK스카이뷰109동,1
장애인,가좌농협,1
장애인,간석사거리,1
장애인,경남아너스빌,1
장애인,교보생명,1
장애인,구월아시아드6단지,1
장애인,굴포천역(롯데마트),1
장애인,길병원사거리,1
장애인,남동중학교,1
장애인,논현12단지산뒤마을,1
장애인,논현14단지등대마을휴먼시아아파트,1
장애인,논현9단지냇마을신영지웰A정문,1
장애인,대우푸르지오복합상가,1
장애인,대인고등학교,1
장애인,동막역(3번출구),1
장애인,동양화학,1
장애인,동춘동종점,1
장애인,라이프아파트,1
장애인,래미안아파트파이낸셜뉴스,1
장애인,랜드마크시티센트럴더샵(106동),1
장애인,루원시티사거리,1
장애인,루원이편한세상하늘채(112동),1
장애인,마린월드,1
장애인,문학경기장(월드컵경기장),1
장애인,보훈회관,1
장애인,부평구청·부평세무서,1
장애인,삼익.광명아파트,1
장애인,삼환아파트,1
장애인,상동역8번출구세이브존,1
장애인,상수도사업본부(스마트타운),1
장애인,서교동,1
장애인,서창센트럴푸르지오,1
장애인,서화초등학교(도화e편한세상),1
장애인,석건연립,1
장애인,성웅아파트,1
장애인,소래포구입구,1
장애인,송도파크자이아파트,1
장애인,신일교회,1
장애인,신중동역5번출구.중흥중학교,1
장애인,신천연합병원,1
장애인,신촌오거리.2호선신촌역,1
장애인,신흥교통입구,1
장애인,신흥시장,1
장애인,양곡도매시장,1
장애인,연안부두(신선초등학교),1
장애인,우진아파트,1
장애인,인천출입국.외국인청,1
장애인,태평아파트.주안한신휴플러스아파트,1
장애인,태화.두진아파트,1
장애인,학산사거리,1
장애인,해양경찰청,1
장애인,현광아파트(호산부인과),1
청소년,인하대역(7번출구),359
청소년,주안역환승정류장,309
청소년,동인천역,252
청소년,롯데백화점(인천터미널),221
청소년,인하대역(1번출구),136
청소년,남중학교,126
청소년,주안역,126
청소년,풍림아이원아파트,121
청소년,신동아아파트,97
청소년,제물포역,97
청소년,강남역서초현대타워앞,94
청소년,나사렛국제병원앞,87
청소년,원흥아파트,82
청소년,현대3차아파트,76
청소년,문학초등학교,74
청소년,홍대입구역,73
청소년,인하대후문,70
청소년,정석항공과학고,68
청소년,수봉마을쉼터,52
청소년,인명여자고등학교,44
청소년,동아풍림아파트,42
청소년,장미아파트,39
청소년,인천대입구역,33
청소년,부평역,32
청소년,청능로사거리,32
청소년,학익고등학교,30
청소년,주안7동행정복지센터,29
청소년,관교여자중학교,28
청소년,도림주공1단지,25
청소년,인천미래생활고등학교,23
청소년,신성성결교회(올림피아병원),21
청소년,태화두진아파트,21
청소년,(구)시민회관사거리,20
청소년,관교중학교(약수터),20
청소년,용현시장,20
청소년,대인고등학교,19
청소년,두산위브아파트,19
청소년,인하대역4번출구,19
청소년,구월아시아드6단지,18
청소년,인천향교유림회관,17
청소년,학산사거리,17
청소년,한양아파트,17
청소년,삼영아파트,16
청소년,신동아아파트3차,16
청소년,호반써밋송도,16
청소년,루원이편한세상하늘채(125동),15
청소년,삼익.광명아파트,15
청소년,송내역남부,15
청소년,토지금고시장,15
청소년,도화오거리,13
청소년,동막역(1번출구),13
청소년,아주아파트.미추홀학교,13
청소년,루원이편한세상하늘채(112동),12
청소년,계룡리슈빌,11
청소년,상동역8번출구세이브존,11
청소년,신동아아파트5차,11
청소년,서창센트럴푸르지오,10
청소년,하늘휴게소,10
청소년,남동구청후문(남동등기소),9
청소년,동막역(3번출구),9
청소년,문학정보고입구,9
청소년,벽산이삭아파트,9
청소년,부천시청역3번출구.경기예고.현대백화점,9
청소년,용현중학교,9
청소년,월드메르디앙아파트,9
청소년,인천향교.인천도호부청사,9
청소년,인하대정문,9
청소년,토지금고,9
청소년,대림아파트,8
청소년,송학둥지아파트,8
청소년,인천뷰티예술고등학교,8
청소년,선바위역,7
청소년,송도유원지(도로교통공단),7
청소년,송림4동행정복지센터,7
청소년,신일교회,7
청소년,용정초등학교,7
청소년,인천논현중학교,7
청소년,학익사거리(동아풍림아파트),7
청소년,e편한세상정문,6
청소년,검바위역,6
청소년,금호2차아파트,6
청소년,남인천여자중학교,6
청소년,남촌풍림3차아파트,6
청소년,신동아3차아파트,6
청소년,연학초등학교,6
청소년,우진아파트,6
청소년,주안3동행정복지센터,6
청소년,합정역,6
청소년,현대4차아파트,6
청소년,구월2동행정복지센터,5
청소년,금호타운,5
청소년,백운프라자,5
청소년,부천시청역1번출구,5
청소년,신중동역6번출구.중흥중학교,5
청소년,신포시장,5
청소년,약대사거리,5
청소년,용현고가교,5
청소년,주안파크자이더플래티넘아파트,5
청소년,현광아파트,5
청소년,금호아파트,4
청소년,도림아이파크아파트,4
청소년,독정이고개,4
청소년,상동역1번출구.부천터미널소풍.홈플러스,4
청소년,서교동,4
청소년,서창119안전센터,4
청소년,숭의2동행정복지센터,4
청소년,용현초등학교입구,4
청소년,유원아파트,4
청소년,장미아파트(19동)앞,4
청소년,장천사거리,4
청소년,정병원,4
청소년,풍림아파트,4
청소년,학익동성당앞,4
청소년,한국아파트,4
청소년,가좌농협,3
청소년,건설기술교육원,3
청소년,구월아시아드은빛호수공원,3
청소년,기점(미정차),3
청소년,남동초등학교,3
청소년,동산고,3
청소년,서창퍼스트뷰후문,3
청소년,석락아파트,3
청소년,석암초등학교,3
청소년,송도풍림아이원2단지,3
청소년,수봉공원,3
청소년,숭의로터리,3
청소년,숭의역(1번출구),3
청소년,심곡극동아파트,3
청소년,엑슬루타워,3
청소년,옥골사거리,3
청소년,용일사거리,3
청소년,인천기계공고,3
청소년,인하대병원,3
청소년,하나아파트,3
청소년,굴다리입구,2
청소년,극동.금호아파트,2
청소년,남광로얄아파트,2
청소년,논현14단지등대마을휴먼시아아파트,2
청소년,라이프아파트,2
청소년,로얄아파트,2
청소년,모래내시장역(1번출구),2
청소년,문학경기장(야구장),2
청소년,미추홀구청,2
청소년,방촌공원,2
청소년,서초역,2
청소년,송도고입구,2
청소년,숭의초등학교,2
청소년,신기.남부종합시장(진흥사거리),2
청소년,신동아1.2차아파트,2
청소년,신동아아파트8차,2
청소년,신선초등학교앞,2
청소년,신창아파트,2
청소년,아시아드경기장(공촌사거리)역,2
청소년,옹진군청,2
청소년,은지초등학교사거리,2
청소년,이대역,2
청소년,인천교통공사,2
청소년,인천정보과학고등학교,2
청소년,재흥시장,2
청소년,정부인천지방합동청사,2
청소년,태화.두진아파트,2
청소년,한국국토정보공사인천북부지사,2
청소년,한국전력,2
청소년,현대5차아파트,2
청소년,힐스테이트푸르지오주안,2
청소년,힘찬병원,2
청소년,간석사거리,1
청소년,간석오거리(인천웨딩홀),1
청소년,경남아파트,1
청소년,공작아파트,1
청소년,교대역,1
청소년,길병원사거리,1
청소년,남동세무서,1
청소년,논고개길,1
청소년,논현14단지등대마을,1
청소년,도림육교,1
청소년,도림주공208동,1
청소년,동교동삼거리,1
청소년,동인천,1
청소년,두산아파트,1
청소년,랜드마크시티센트럴더샵(106동),1
청소년,롯데슈퍼,1
청소년,루에블리아파트,1
청소년,만수4동주민센터,1
청소년,모래내시장역(4번출구),1
청소년,문학경로당,1
청소년,문학우체국,1
청소년,미송초등학교,1
청소년,미추홀구청입구,1
청소년,미추홀도서관.인천신월초등학교,1
청소년,배다리,1
청소년,백산아파트,1
청소년,법원.검찰청,1
청소년,부평역(북인천우체국),1
청소년,삼성빌라(종점),1
청소년,서구청역(1번출구),1
청소년,석바위,1
청소년,센타빌딩,1
청소년,송도중학교,1
청소년,송도컨벤시아,1
청소년,신라아파트,1
청소년,신선초등학교,1
청소년,신송고등학교,1
청소년,신중동역4번출구.롯데백화점,1
청소년,신중동역5번출구.중흥중학교,1
청소년,아현역,1
청소년,올리브백화점,1
청소년,옹진농협,1
청소년,용남시장,1
청소년,용남파출소,1
청소년,용현고개,1
청소년,윤성아파트(인항고교),1
청소년,인천가톨릭대,1
청소년,인천소방본부,1
청소년,인천재능대학교서문,1
청소년,인화여고,1
청소년,작은구월사거리,1
청소년,중구문화회관,1
청소년,진흥아파트,1
청소년,토지금고시장앞,1
청소년,풍림1차아파트,1
청소년,학익시장,1
청소년,학익여자고등학교,1
청소년,항운아파트,1
청소년,현광아파트후문,1
청소년,효성상아아파트,1
